date_key,day_num,month_num,month_name,quarter_num,year_num,week_num,weekday_name
2016-09-04,4,9,September,3,2016,35,Sunday
2016-09-05,5,9,September,3,2016,36,Monday
2016-09-06,6,9,September,3,2016,36,Tuesday
2016-09-07,7,9,September,3,2016,36,Wednesday
2016-09-08,8,9,September,3,2016,36,Thursday
2016-09-09,9,9,September,3,2016,36,Friday
2016-09-10,10,9,September,3,2016,36,Saturday
2016-09-11,11,9,September,3,2016,36,Sunday
2016-09-12,12,9,September,3,2016,37,Monday
2016-09-13,13,9,September,3,2016,37,Tuesday
2016-09-14,14,9,September,3,2016,37,Wednesday
2016-09-15,15,9,September,3,2016,37,Thursday
2016-09-16,16,9,September,3,2016,37,Friday
2016-09-17,17,9,September,3,2016,37,Saturday
2016-09-18,18,9,September,3,2016,37,Sunday
2016-09-19,19,9,September,3,2016,38,Monday
2016-09-20,20,9,September,3,2016,38,Tuesday
2016-09-21,21,9,September,3,2016,38,Wednesday
2016-09-22,22,9,September,3,2016,38,Thursday
2016-09-23,23,9,September,3,2016,38,Friday
2016-09-24,24,9,September,3,2016,38,Saturday
2016-09-25,25,9,September,3,2016,38,Sunday
2016-09-26,26,9,September,3,2016,39,Monday
2016-09-27,27,9,September,3,2016,39,Tuesday
2016-09-28,28,9,September,3,2016,39,Wednesday
2016-09-29,29,9,September,3,2016,39,Thursday
2016-09-30,30,9,September,3,2016,39,Friday
2016-10-01,1,10,October,4,2016,39,Saturday
2016-10-02,2,10,October,4,2016,39,Sunday
2016-10-03,3,10,October,4,2016,40,Monday
2016-10-04,4,10,October,4,2016,40,Tuesday
2016-10-05,5,10,October,4,2016,40,Wednesday
2016-10-06,6,10,October,4,2016,40,Thursday
2016-10-07,7,10,October,4,2016,40,Friday
2016-10-08,8,10,October,4,2016,40,Saturday
2016-10-09,9,10,October,4,2016,40,Sunday
2016-10-10,10,10,October,4,2016,41,Monday
2016-10-11,11,10,October,4,2016,41,Tuesday
2016-10-12,12,10,October,4,2016,41,Wednesday
2016-10-13,13,10,October,4,2016,41,Thursday
2016-10-14,14,10,October,4,2016,41,Friday
2016-10-15,15,10,October,4,2016,41,Saturday
2016-10-16,16,10,October,4,2016,41,Sunday
2016-10-17,17,10,October,4,2016,42,Monday
2016-10-18,18,10,October,4,2016,42,Tuesday
2016-10-19,19,10,October,4,2016,42,Wednesday
2016-10-20,20,10,October,4,2016,42,Thursday
2016-10-21,21,10,October,4,2016,42,Friday
2016-10-22,22,10,October,4,2016,42,Saturday
2016-10-23,23,10,October,4,2016,42,Sunday
2016-10-24,24,10,October,4,2016,43,Monday
2016-10-25,25,10,October,4,2016,43,Tuesday
2016-10-26,26,10,October,4,2016,43,Wednesday
2016-10-27,27,10,October,4,2016,43,Thursday
2016-10-28,28,10,October,4,2016,43,Friday
2016-10-29,29,10,October,4,2016,43,Saturday
2016-10-30,30,10,October,4,2016,43,Sunday
2016-10-31,31,10,October,4,2016,44,Monday
2016-11-01,1,11,November,4,2016,44,Tuesday
2016-11-02,2,11,November,4,2016,44,Wednesday
2016-11-03,3,11,November,4,2016,44,Thursday
2016-11-04,4,11,November,4,2016,44,Friday
2016-11-05,5,11,November,4,2016,44,Saturday
2016-11-06,6,11,November,4,2016,44,Sunday
2016-11-07,7,11,November,4,2016,45,Monday
2016-11-08,8,11,November,4,2016,45,Tuesday
2016-11-09,9,11,November,4,2016,45,Wednesday
2016-11-10,10,11,November,4,2016,45,Thursday
2016-11-11,11,11,November,4,2016,45,Friday
2016-11-12,12,11,November,4,2016,45,Saturday
2016-11-13,13,11,November,4,2016,45,Sunday
2016-11-14,14,11,November,4,2016,46,Monday
2016-11-15,15,11,November,4,2016,46,Tuesday
2016-11-16,16,11,November,4,2016,46,Wednesday
2016-11-17,17,11,November,4,2016,46,Thursday
2016-11-18,18,11,November,4,2016,46,Friday
2016-11-19,19,11,November,4,2016,46,Saturday
2016-11-20,20,11,November,4,2016,46,Sunday
2016-11-21,21,11,November,4,2016,47,Monday
2016-11-22,22,11,November,4,2016,47,Tuesday
2016-11-23,23,11,November,4,2016,47,Wednesday
2016-11-24,24,11,November,4,2016,47,Thursday
2016-11-25,25,11,November,4,2016,47,Friday
2016-11-26,26,11,November,4,2016,47,Saturday
2016-11-27,27,11,November,4,2016,47,Sunday
2016-11-28,28,11,November,4,2016,48,Monday
2016-11-29,29,11,November,4,2016,48,Tuesday
2016-11-30,30,11,November,4,2016,48,Wednesday
2016-12-01,1,12,December,4,2016,48,Thursday
2016-12-02,2,12,December,4,2016,48,Friday
2016-12-03,3,12,December,4,2016,48,Saturday
2016-12-04,4,12,December,4,2016,48,Sunday
2016-12-05,5,12,December,4,2016,49,Monday
2016-12-06,6,12,December,4,2016,49,Tuesday
2016-12-07,7,12,December,4,2016,49,Wednesday
2016-12-08,8,12,December,4,2016,49,Thursday
2016-12-09,9,12,December,4,2016,49,Friday
2016-12-10,10,12,December,4,2016,49,Saturday
2016-12-11,11,12,December,4,2016,49,Sunday
2016-12-12,12,12,December,4,2016,50,Monday
2016-12-13,13,12,December,4,2016,50,Tuesday
2016-12-14,14,12,December,4,2016,50,Wednesday
2016-12-15,15,12,December,4,2016,50,Thursday
2016-12-16,16,12,December,4,2016,50,Friday
2016-12-17,17,12,December,4,2016,50,Saturday
2016-12-18,18,12,December,4,2016,50,Sunday
2016-12-19,19,12,December,4,2016,51,Monday
2016-12-20,20,12,December,4,2016,51,Tuesday
2016-12-21,21,12,December,4,2016,51,Wednesday
2016-12-22,22,12,December,4,2016,51,Thursday
2016-12-23,23,12,December,4,2016,51,Friday
2016-12-24,24,12,December,4,2016,51,Saturday
2016-12-25,25,12,December,4,2016,51,Sunday
2016-12-26,26,12,December,4,2016,52,Monday
2016-12-27,27,12,December,4,2016,52,Tuesday
2016-12-28,28,12,December,4,2016,52,Wednesday
2016-12-29,29,12,December,4,2016,52,Thursday
2016-12-30,30,12,December,4,2016,52,Friday
2016-12-31,31,12,December,4,2016,52,Saturday
2017-01-01,1,1,January,1,2017,52,Sunday
2017-01-02,2,1,January,1,2017,1,Monday
2017-01-03,3,1,January,1,2017,1,Tuesday
2017-01-04,4,1,January,1,2017,1,Wednesday
2017-01-05,5,1,January,1,2017,1,Thursday
2017-01-06,6,1,January,1,2017,1,Friday
2017-01-07,7,1,January,1,2017,1,Saturday
2017-01-08,8,1,January,1,2017,1,Sunday
2017-01-09,9,1,January,1,2017,2,Monday
2017-01-10,10,1,January,1,2017,2,Tuesday
2017-01-11,11,1,January,1,2017,2,Wednesday
2017-01-12,12,1,January,1,2017,2,Thursday
2017-01-13,13,1,January,1,2017,2,Friday
2017-01-14,14,1,January,1,2017,2,Saturday
2017-01-15,15,1,January,1,2017,2,Sunday
2017-01-16,16,1,January,1,2017,3,Monday
2017-01-17,17,1,January,1,2017,3,Tuesday
2017-01-18,18,1,January,1,2017,3,Wednesday
2017-01-19,19,1,January,1,2017,3,Thursday
2017-01-20,20,1,January,1,2017,3,Friday
2017-01-21,21,1,January,1,2017,3,Saturday
2017-01-22,22,1,January,1,2017,3,Sunday
2017-01-23,23,1,January,1,2017,4,Monday
2017-01-24,24,1,January,1,2017,4,Tuesday
2017-01-25,25,1,January,1,2017,4,Wednesday
2017-01-26,26,1,January,1,2017,4,Thursday
2017-01-27,27,1,January,1,2017,4,Friday
2017-01-28,28,1,January,1,2017,4,Saturday
2017-01-29,29,1,January,1,2017,4,Sunday
2017-01-30,30,1,January,1,2017,5,Monday
2017-01-31,31,1,January,1,2017,5,Tuesday
2017-02-01,1,2,February,1,2017,5,Wednesday
2017-02-02,2,2,February,1,2017,5,Thursday
2017-02-03,3,2,February,1,2017,5,Friday
2017-02-04,4,2,February,1,2017,5,Saturday
2017-02-05,5,2,February,1,2017,5,Sunday
2017-02-06,6,2,February,1,2017,6,Monday
2017-02-07,7,2,February,1,2017,6,Tuesday
2017-02-08,8,2,February,1,2017,6,Wednesday
2017-02-09,9,2,February,1,2017,6,Thursday
2017-02-10,10,2,February,1,2017,6,Friday
2017-02-11,11,2,February,1,2017,6,Saturday
2017-02-12,12,2,February,1,2017,6,Sunday
2017-02-13,13,2,February,1,2017,7,Monday
2017-02-14,14,2,February,1,2017,7,Tuesday
2017-02-15,15,2,February,1,2017,7,Wednesday
2017-02-16,16,2,February,1,2017,7,Thursday
2017-02-17,17,2,February,1,2017,7,Friday
2017-02-18,18,2,February,1,2017,7,Saturday
2017-02-19,19,2,February,1,2017,7,Sunday
2017-02-20,20,2,February,1,2017,8,Monday
2017-02-21,21,2,February,1,2017,8,Tuesday
2017-02-22,22,2,February,1,2017,8,Wednesday
2017-02-23,23,2,February,1,2017,8,Thursday
2017-02-24,24,2,February,1,2017,8,Friday
2017-02-25,25,2,February,1,2017,8,Saturday
2017-02-26,26,2,February,1,2017,8,Sunday
2017-02-27,27,2,February,1,2017,9,Monday
2017-02-28,28,2,February,1,2017,9,Tuesday
2017-03-01,1,3,March,1,2017,9,Wednesday
2017-03-02,2,3,March,1,2017,9,Thursday
2017-03-03,3,3,March,1,2017,9,Friday
2017-03-04,4,3,March,1,2017,9,Saturday
2017-03-05,5,3,March,1,2017,9,Sunday
2017-03-06,6,3,March,1,2017,10,Monday
2017-03-07,7,3,March,1,2017,10,Tuesday
2017-03-08,8,3,March,1,2017,10,Wednesday
2017-03-09,9,3,March,1,2017,10,Thursday
2017-03-10,10,3,March,1,2017,10,Friday
2017-03-11,11,3,March,1,2017,10,Saturday
2017-03-12,12,3,March,1,2017,10,Sunday
2017-03-13,13,3,March,1,2017,11,Monday
2017-03-14,14,3,March,1,2017,11,Tuesday
2017-03-15,15,3,March,1,2017,11,Wednesday
2017-03-16,16,3,March,1,2017,11,Thursday
2017-03-17,17,3,March,1,2017,11,Friday
2017-03-18,18,3,March,1,2017,11,Saturday
2017-03-19,19,3,March,1,2017,11,Sunday
2017-03-20,20,3,March,1,2017,12,Monday
2017-03-21,21,3,March,1,2017,12,Tuesday
2017-03-22,22,3,March,1,2017,12,Wednesday
2017-03-23,23,3,March,1,2017,12,Thursday
2017-03-24,24,3,March,1,2017,12,Friday
2017-03-25,25,3,March,1,2017,12,Saturday
2017-03-26,26,3,March,1,2017,12,Sunday
2017-03-27,27,3,March,1,2017,13,Monday
2017-03-28,28,3,March,1,2017,13,Tuesday
2017-03-29,29,3,March,1,2017,13,Wednesday
2017-03-30,30,3,March,1,2017,13,Thursday
2017-03-31,31,3,March,1,2017,13,Friday
2017-04-01,1,4,April,2,2017,13,Saturday
2017-04-02,2,4,April,2,2017,13,Sunday
2017-04-03,3,4,April,2,2017,14,Monday
2017-04-04,4,4,April,2,2017,14,Tuesday
2017-04-05,5,4,April,2,2017,14,Wednesday
2017-04-06,6,4,April,2,2017,14,Thursday
2017-04-07,7,4,April,2,2017,14,Friday
2017-04-08,8,4,April,2,2017,14,Saturday
2017-04-09,9,4,April,2,2017,14,Sunday
2017-04-10,10,4,April,2,2017,15,Monday
2017-04-11,11,4,April,2,2017,15,Tuesday
2017-04-12,12,4,April,2,2017,15,Wednesday
2017-04-13,13,4,April,2,2017,15,Thursday
2017-04-14,14,4,April,2,2017,15,Friday
2017-04-15,15,4,April,2,2017,15,Saturday
2017-04-16,16,4,April,2,2017,15,Sunday
2017-04-17,17,4,April,2,2017,16,Monday
2017-04-18,18,4,April,2,2017,16,Tuesday
2017-04-19,19,4,April,2,2017,16,Wednesday
2017-04-20,20,4,April,2,2017,16,Thursday
2017-04-21,21,4,April,2,2017,16,Friday
2017-04-22,22,4,April,2,2017,16,Saturday
2017-04-23,23,4,April,2,2017,16,Sunday
2017-04-24,24,4,April,2,2017,17,Monday
2017-04-25,25,4,April,2,2017,17,Tuesday
2017-04-26,26,4,April,2,2017,17,Wednesday
2017-04-27,27,4,April,2,2017,17,Thursday
2017-04-28,28,4,April,2,2017,17,Friday
2017-04-29,29,4,April,2,2017,17,Saturday
2017-04-30,30,4,April,2,2017,17,Sunday
2017-05-01,1,5,May,2,2017,18,Monday
2017-05-02,2,5,May,2,2017,18,Tuesday
2017-05-03,3,5,May,2,2017,18,Wednesday
2017-05-04,4,5,May,2,2017,18,Thursday
2017-05-05,5,5,May,2,2017,18,Friday
2017-05-06,6,5,May,2,2017,18,Saturday
2017-05-07,7,5,May,2,2017,18,Sunday
2017-05-08,8,5,May,2,2017,19,Monday
2017-05-09,9,5,May,2,2017,19,Tuesday
2017-05-10,10,5,May,2,2017,19,Wednesday
2017-05-11,11,5,May,2,2017,19,Thursday
2017-05-12,12,5,May,2,2017,19,Friday
2017-05-13,13,5,May,2,2017,19,Saturday
2017-05-14,14,5,May,2,2017,19,Sunday
2017-05-15,15,5,May,2,2017,20,Monday
2017-05-16,16,5,May,2,2017,20,Tuesday
2017-05-17,17,5,May,2,2017,20,Wednesday
2017-05-18,18,5,May,2,2017,20,Thursday
2017-05-19,19,5,May,2,2017,20,Friday
2017-05-20,20,5,May,2,2017,20,Saturday
2017-05-21,21,5,May,2,2017,20,Sunday
2017-05-22,22,5,May,2,2017,21,Monday
2017-05-23,23,5,May,2,2017,21,Tuesday
2017-05-24,24,5,May,2,2017,21,Wednesday
2017-05-25,25,5,May,2,2017,21,Thursday
2017-05-26,26,5,May,2,2017,21,Friday
2017-05-27,27,5,May,2,2017,21,Saturday
2017-05-28,28,5,May,2,2017,21,Sunday
2017-05-29,29,5,May,2,2017,22,Monday
2017-05-30,30,5,May,2,2017,22,Tuesday
2017-05-31,31,5,May,2,2017,22,Wednesday
2017-06-01,1,6,June,2,2017,22,Thursday
2017-06-02,2,6,June,2,2017,22,Friday
2017-06-03,3,6,June,2,2017,22,Saturday
2017-06-04,4,6,June,2,2017,22,Sunday
2017-06-05,5,6,June,2,2017,23,Monday
2017-06-06,6,6,June,2,2017,23,Tuesday
2017-06-07,7,6,June,2,2017,23,Wednesday
2017-06-08,8,6,June,2,2017,23,Thursday
2017-06-09,9,6,June,2,2017,23,Friday
2017-06-10,10,6,June,2,2017,23,Saturday
2017-06-11,11,6,June,2,2017,23,Sunday
2017-06-12,12,6,June,2,2017,24,Monday
2017-06-13,13,6,June,2,2017,24,Tuesday
2017-06-14,14,6,June,2,2017,24,Wednesday
2017-06-15,15,6,June,2,2017,24,Thursday
2017-06-16,16,6,June,2,2017,24,Friday
2017-06-17,17,6,June,2,2017,24,Saturday
2017-06-18,18,6,June,2,2017,24,Sunday
2017-06-19,19,6,June,2,2017,25,Monday
2017-06-20,20,6,June,2,2017,25,Tuesday
2017-06-21,21,6,June,2,2017,25,Wednesday
2017-06-22,22,6,June,2,2017,25,Thursday
2017-06-23,23,6,June,2,2017,25,Friday
2017-06-24,24,6,June,2,2017,25,Saturday
2017-06-25,25,6,June,2,2017,25,Sunday
2017-06-26,26,6,June,2,2017,26,Monday
2017-06-27,27,6,June,2,2017,26,Tuesday
2017-06-28,28,6,June,2,2017,26,Wednesday
2017-06-29,29,6,June,2,2017,26,Thursday
2017-06-30,30,6,June,2,2017,26,Friday
2017-07-01,1,7,July,3,2017,26,Saturday
2017-07-02,2,7,July,3,2017,26,Sunday
2017-07-03,3,7,July,3,2017,27,Monday
2017-07-04,4,7,July,3,2017,27,Tuesday
2017-07-05,5,7,July,3,2017,27,Wednesday
2017-07-06,6,7,July,3,2017,27,Thursday
2017-07-07,7,7,July,3,2017,27,Friday
2017-07-08,8,7,July,3,2017,27,Saturday
2017-07-09,9,7,July,3,2017,27,Sunday
2017-07-10,10,7,July,3,2017,28,Monday
2017-07-11,11,7,July,3,2017,28,Tuesday
2017-07-12,12,7,July,3,2017,28,Wednesday
2017-07-13,13,7,July,3,2017,28,Thursday
2017-07-14,14,7,July,3,2017,28,Friday
2017-07-15,15,7,July,3,2017,28,Saturday
2017-07-16,16,7,July,3,2017,28,Sunday
2017-07-17,17,7,July,3,2017,29,Monday
2017-07-18,18,7,July,3,2017,29,Tuesday
2017-07-19,19,7,July,3,2017,29,Wednesday
2017-07-20,20,7,July,3,2017,29,Thursday
2017-07-21,21,7,July,3,2017,29,Friday
2017-07-22,22,7,July,3,2017,29,Saturday
2017-07-23,23,7,July,3,2017,29,Sunday
2017-07-24,24,7,July,3,2017,30,Monday
2017-07-25,25,7,July,3,2017,30,Tuesday
2017-07-26,26,7,July,3,2017,30,Wednesday
2017-07-27,27,7,July,3,2017,30,Thursday
2017-07-28,28,7,July,3,2017,30,Friday
2017-07-29,29,7,July,3,2017,30,Saturday
2017-07-30,30,7,July,3,2017,30,Sunday
2017-07-31,31,7,July,3,2017,31,Monday
2017-08-01,1,8,August,3,2017,31,Tuesday
2017-08-02,2,8,August,3,2017,31,Wednesday
2017-08-03,3,8,August,3,2017,31,Thursday
2017-08-04,4,8,August,3,2017,31,Friday
2017-08-05,5,8,August,3,2017,31,Saturday
2017-08-06,6,8,August,3,2017,31,Sunday
2017-08-07,7,8,August,3,2017,32,Monday
2017-08-08,8,8,August,3,2017,32,Tuesday
2017-08-09,9,8,August,3,2017,32,Wednesday
2017-08-10,10,8,August,3,2017,32,Thursday
2017-08-11,11,8,August,3,2017,32,Friday
2017-08-12,12,8,August,3,2017,32,Saturday
2017-08-13,13,8,August,3,2017,32,Sunday
2017-08-14,14,8,August,3,2017,33,Monday
2017-08-15,15,8,August,3,2017,33,Tuesday
2017-08-16,16,8,August,3,2017,33,Wednesday
2017-08-17,17,8,August,3,2017,33,Thursday
2017-08-18,18,8,August,3,2017,33,Friday
2017-08-19,19,8,August,3,2017,33,Saturday
2017-08-20,20,8,August,3,2017,33,Sunday
2017-08-21,21,8,August,3,2017,34,Monday
2017-08-22,22,8,August,3,2017,34,Tuesday
2017-08-23,23,8,August,3,2017,34,Wednesday
2017-08-24,24,8,August,3,2017,34,Thursday
2017-08-25,25,8,August,3,2017,34,Friday
2017-08-26,26,8,August,3,2017,34,Saturday
2017-08-27,27,8,August,3,2017,34,Sunday
2017-08-28,28,8,August,3,2017,35,Monday
2017-08-29,29,8,August,3,2017,35,Tuesday
2017-08-30,30,8,August,3,2017,35,Wednesday
2017-08-31,31,8,August,3,2017,35,Thursday
2017-09-01,1,9,September,3,2017,35,Friday
2017-09-02,2,9,September,3,2017,35,Saturday
2017-09-03,3,9,September,3,2017,35,Sunday
2017-09-04,4,9,September,3,2017,36,Monday
2017-09-05,5,9,September,3,2017,36,Tuesday
2017-09-06,6,9,September,3,2017,36,Wednesday
2017-09-07,7,9,September,3,2017,36,Thursday
2017-09-08,8,9,September,3,2017,36,Friday
2017-09-09,9,9,September,3,2017,36,Saturday
2017-09-10,10,9,September,3,2017,36,Sunday
2017-09-11,11,9,September,3,2017,37,Monday
2017-09-12,12,9,September,3,2017,37,Tuesday
2017-09-13,13,9,September,3,2017,37,Wednesday
2017-09-14,14,9,September,3,2017,37,Thursday
2017-09-15,15,9,September,3,2017,37,Friday
2017-09-16,16,9,September,3,2017,37,Saturday
2017-09-17,17,9,September,3,2017,37,Sunday
2017-09-18,18,9,September,3,2017,38,Monday
2017-09-19,19,9,September,3,2017,38,Tuesday
2017-09-20,20,9,September,3,2017,38,Wednesday
2017-09-21,21,9,September,3,2017,38,Thursday
2017-09-22,22,9,September,3,2017,38,Friday
2017-09-23,23,9,September,3,2017,38,Saturday
2017-09-24,24,9,September,3,2017,38,Sunday
2017-09-25,25,9,September,3,2017,39,Monday
2017-09-26,26,9,September,3,2017,39,Tuesday
2017-09-27,27,9,September,3,2017,39,Wednesday
2017-09-28,28,9,September,3,2017,39,Thursday
2017-09-29,29,9,September,3,2017,39,Friday
2017-09-30,30,9,September,3,2017,39,Saturday
2017-10-01,1,10,October,4,2017,39,Sunday
2017-10-02,2,10,October,4,2017,40,Monday
2017-10-03,3,10,October,4,2017,40,Tuesday
2017-10-04,4,10,October,4,2017,40,Wednesday
2017-10-05,5,10,October,4,2017,40,Thursday
2017-10-06,6,10,October,4,2017,40,Friday
2017-10-07,7,10,October,4,2017,40,Saturday
2017-10-08,8,10,October,4,2017,40,Sunday
2017-10-09,9,10,October,4,2017,41,Monday
2017-10-10,10,10,October,4,2017,41,Tuesday
2017-10-11,11,10,October,4,2017,41,Wednesday
2017-10-12,12,10,October,4,2017,41,Thursday
2017-10-13,13,10,October,4,2017,41,Friday
2017-10-14,14,10,October,4,2017,41,Saturday
2017-10-15,15,10,October,4,2017,41,Sunday
2017-10-16,16,10,October,4,2017,42,Monday
2017-10-17,17,10,October,4,2017,42,Tuesday
2017-10-18,18,10,October,4,2017,42,Wednesday
2017-10-19,19,10,October,4,2017,42,Thursday
2017-10-20,20,10,October,4,2017,42,Friday
2017-10-21,21,10,October,4,2017,42,Saturday
2017-10-22,22,10,October,4,2017,42,Sunday
2017-10-23,23,10,October,4,2017,43,Monday
2017-10-24,24,10,October,4,2017,43,Tuesday
2017-10-25,25,10,October,4,2017,43,Wednesday
2017-10-26,26,10,October,4,2017,43,Thursday
2017-10-27,27,10,October,4,2017,43,Friday
2017-10-28,28,10,October,4,2017,43,Saturday
2017-10-29,29,10,October,4,2017,43,Sunday
2017-10-30,30,10,October,4,2017,44,Monday
2017-10-31,31,10,October,4,2017,44,Tuesday
2017-11-01,1,11,November,4,2017,44,Wednesday
2017-11-02,2,11,November,4,2017,44,Thursday
2017-11-03,3,11,November,4,2017,44,Friday
2017-11-04,4,11,November,4,2017,44,Saturday
2017-11-05,5,11,November,4,2017,44,Sunday
2017-11-06,6,11,November,4,2017,45,Monday
2017-11-07,7,11,November,4,2017,45,Tuesday
2017-11-08,8,11,November,4,2017,45,Wednesday
2017-11-09,9,11,November,4,2017,45,Thursday
2017-11-10,10,11,November,4,2017,45,Friday
2017-11-11,11,11,November,4,2017,45,Saturday
2017-11-12,12,11,November,4,2017,45,Sunday
2017-11-13,13,11,November,4,2017,46,Monday
2017-11-14,14,11,November,4,2017,46,Tuesday
2017-11-15,15,11,November,4,2017,46,Wednesday
2017-11-16,16,11,November,4,2017,46,Thursday
2017-11-17,17,11,November,4,2017,46,Friday
2017-11-18,18,11,November,4,2017,46,Saturday
2017-11-19,19,11,November,4,2017,46,Sunday
2017-11-20,20,11,November,4,2017,47,Monday
2017-11-21,21,11,November,4,2017,47,Tuesday
2017-11-22,22,11,November,4,2017,47,Wednesday
2017-11-23,23,11,November,4,2017,47,Thursday
2017-11-24,24,11,November,4,2017,47,Friday
2017-11-25,25,11,November,4,2017,47,Saturday
2017-11-26,26,11,November,4,2017,47,Sunday
2017-11-27,27,11,November,4,2017,48,Monday
2017-11-28,28,11,November,4,2017,48,Tuesday
2017-11-29,29,11,November,4,2017,48,Wednesday
2017-11-30,30,11,November,4,2017,48,Thursday
2017-12-01,1,12,December,4,2017,48,Friday
2017-12-02,2,12,December,4,2017,48,Saturday
2017-12-03,3,12,December,4,2017,48,Sunday
2017-12-04,4,12,December,4,2017,49,Monday
2017-12-05,5,12,December,4,2017,49,Tuesday
2017-12-06,6,12,December,4,2017,49,Wednesday
2017-12-07,7,12,December,4,2017,49,Thursday
2017-12-08,8,12,December,4,2017,49,Friday
2017-12-09,9,12,December,4,2017,49,Saturday
2017-12-10,10,12,December,4,2017,49,Sunday
2017-12-11,11,12,December,4,2017,50,Monday
2017-12-12,12,12,December,4,2017,50,Tuesday
2017-12-13,13,12,December,4,2017,50,Wednesday
2017-12-14,14,12,December,4,2017,50,Thursday
2017-12-15,15,12,December,4,2017,50,Friday
2017-12-16,16,12,December,4,2017,50,Saturday
2017-12-17,17,12,December,4,2017,50,Sunday
2017-12-18,18,12,December,4,2017,51,Monday
2017-12-19,19,12,December,4,2017,51,Tuesday
2017-12-20,20,12,December,4,2017,51,Wednesday
2017-12-21,21,12,December,4,2017,51,Thursday
2017-12-22,22,12,December,4,2017,51,Friday
2017-12-23,23,12,December,4,2017,51,Saturday
2017-12-24,24,12,December,4,2017,51,Sunday
2017-12-25,25,12,December,4,2017,52,Monday
2017-12-26,26,12,December,4,2017,52,Tuesday
2017-12-27,27,12,December,4,2017,52,Wednesday
2017-12-28,28,12,December,4,2017,52,Thursday
2017-12-29,29,12,December,4,2017,52,Friday
2017-12-30,30,12,December,4,2017,52,Saturday
2017-12-31,31,12,December,4,2017,52,Sunday
2018-01-01,1,1,January,1,2018,1,Monday
2018-01-02,2,1,January,1,2018,1,Tuesday
2018-01-03,3,1,January,1,2018,1,Wednesday
2018-01-04,4,1,January,1,2018,1,Thursday
2018-01-05,5,1,January,1,2018,1,Friday
2018-01-06,6,1,January,1,2018,1,Saturday
2018-01-07,7,1,January,1,2018,1,Sunday
2018-01-08,8,1,January,1,2018,2,Monday
2018-01-09,9,1,January,1,2018,2,Tuesday
2018-01-10,10,1,January,1,2018,2,Wednesday
2018-01-11,11,1,January,1,2018,2,Thursday
2018-01-12,12,1,January,1,2018,2,Friday
2018-01-13,13,1,January,1,2018,2,Saturday
2018-01-14,14,1,January,1,2018,2,Sunday
2018-01-15,15,1,January,1,2018,3,Monday
2018-01-16,16,1,January,1,2018,3,Tuesday
2018-01-17,17,1,January,1,2018,3,Wednesday
2018-01-18,18,1,January,1,2018,3,Thursday
2018-01-19,19,1,January,1,2018,3,Friday
2018-01-20,20,1,January,1,2018,3,Saturday
2018-01-21,21,1,January,1,2018,3,Sunday
2018-01-22,22,1,January,1,2018,4,Monday
2018-01-23,23,1,January,1,2018,4,Tuesday
2018-01-24,24,1,January,1,2018,4,Wednesday
2018-01-25,25,1,January,1,2018,4,Thursday
2018-01-26,26,1,January,1,2018,4,Friday
2018-01-27,27,1,January,1,2018,4,Saturday
2018-01-28,28,1,January,1,2018,4,Sunday
2018-01-29,29,1,January,1,2018,5,Monday
2018-01-30,30,1,January,1,2018,5,Tuesday
2018-01-31,31,1,January,1,2018,5,Wednesday
2018-02-01,1,2,February,1,2018,5,Thursday
2018-02-02,2,2,February,1,2018,5,Friday
2018-02-03,3,2,February,1,2018,5,Saturday
2018-02-04,4,2,February,1,2018,5,Sunday
2018-02-05,5,2,February,1,2018,6,Monday
2018-02-06,6,2,February,1,2018,6,Tuesday
2018-02-07,7,2,February,1,2018,6,Wednesday
2018-02-08,8,2,February,1,2018,6,Thursday
2018-02-09,9,2,February,1,2018,6,Friday
2018-02-10,10,2,February,1,2018,6,Saturday
2018-02-11,11,2,February,1,2018,6,Sunday
2018-02-12,12,2,February,1,2018,7,Monday
2018-02-13,13,2,February,1,2018,7,Tuesday
2018-02-14,14,2,February,1,2018,7,Wednesday
2018-02-15,15,2,February,1,2018,7,Thursday
2018-02-16,16,2,February,1,2018,7,Friday
2018-02-17,17,2,February,1,2018,7,Saturday
2018-02-18,18,2,February,1,2018,7,Sunday
2018-02-19,19,2,February,1,2018,8,Monday
2018-02-20,20,2,February,1,2018,8,Tuesday
2018-02-21,21,2,February,1,2018,8,Wednesday
2018-02-22,22,2,February,1,2018,8,Thursday
2018-02-23,23,2,February,1,2018,8,Friday
2018-02-24,24,2,February,1,2018,8,Saturday
2018-02-25,25,2,February,1,2018,8,Sunday
2018-02-26,26,2,February,1,2018,9,Monday
2018-02-27,27,2,February,1,2018,9,Tuesday
2018-02-28,28,2,February,1,2018,9,Wednesday
2018-03-01,1,3,March,1,2018,9,Thursday
2018-03-02,2,3,March,1,2018,9,Friday
2018-03-03,3,3,March,1,2018,9,Saturday
2018-03-04,4,3,March,1,2018,9,Sunday
2018-03-05,5,3,March,1,2018,10,Monday
2018-03-06,6,3,March,1,2018,10,Tuesday
2018-03-07,7,3,March,1,2018,10,Wednesday
2018-03-08,8,3,March,1,2018,10,Thursday
2018-03-09,9,3,March,1,2018,10,Friday
2018-03-10,10,3,March,1,2018,10,Saturday
2018-03-11,11,3,March,1,2018,10,Sunday
2018-03-12,12,3,March,1,2018,11,Monday
2018-03-13,13,3,March,1,2018,11,Tuesday
2018-03-14,14,3,March,1,2018,11,Wednesday
2018-03-15,15,3,March,1,2018,11,Thursday
2018-03-16,16,3,March,1,2018,11,Friday
2018-03-17,17,3,March,1,2018,11,Saturday
2018-03-18,18,3,March,1,2018,11,Sunday
2018-03-19,19,3,March,1,2018,12,Monday
2018-03-20,20,3,March,1,2018,12,Tuesday
2018-03-21,21,3,March,1,2018,12,Wednesday
2018-03-22,22,3,March,1,2018,12,Thursday
2018-03-23,23,3,March,1,2018,12,Friday
2018-03-24,24,3,March,1,2018,12,Saturday
2018-03-25,25,3,March,1,2018,12,Sunday
2018-03-26,26,3,March,1,2018,13,Monday
2018-03-27,27,3,March,1,2018,13,Tuesday
2018-03-28,28,3,March,1,2018,13,Wednesday
2018-03-29,29,3,March,1,2018,13,Thursday
2018-03-30,30,3,March,1,2018,13,Friday
2018-03-31,31,3,March,1,2018,13,Saturday
2018-04-01,1,4,April,2,2018,13,Sunday
2018-04-02,2,4,April,2,2018,14,Monday
2018-04-03,3,4,April,2,2018,14,Tuesday
2018-04-04,4,4,April,2,2018,14,Wednesday
2018-04-05,5,4,April,2,2018,14,Thursday
2018-04-06,6,4,April,2,2018,14,Friday
2018-04-07,7,4,April,2,2018,14,Saturday
2018-04-08,8,4,April,2,2018,14,Sunday
2018-04-09,9,4,April,2,2018,15,Monday
2018-04-10,10,4,April,2,2018,15,Tuesday
2018-04-11,11,4,April,2,2018,15,Wednesday
2018-04-12,12,4,April,2,2018,15,Thursday
2018-04-13,13,4,April,2,2018,15,Friday
2018-04-14,14,4,April,2,2018,15,Saturday
2018-04-15,15,4,April,2,2018,15,Sunday
2018-04-16,16,4,April,2,2018,16,Monday
2018-04-17,17,4,April,2,2018,16,Tuesday
2018-04-18,18,4,April,2,2018,16,Wednesday
2018-04-19,19,4,April,2,2018,16,Thursday
2018-04-20,20,4,April,2,2018,16,Friday
2018-04-21,21,4,April,2,2018,16,Saturday
2018-04-22,22,4,April,2,2018,16,Sunday
2018-04-23,23,4,April,2,2018,17,Monday
2018-04-24,24,4,April,2,2018,17,Tuesday
2018-04-25,25,4,April,2,2018,17,Wednesday
2018-04-26,26,4,April,2,2018,17,Thursday
2018-04-27,27,4,April,2,2018,17,Friday
2018-04-28,28,4,April,2,2018,17,Saturday
2018-04-29,29,4,April,2,2018,17,Sunday
2018-04-30,30,4,April,2,2018,18,Monday
2018-05-01,1,5,May,2,2018,18,Tuesday
2018-05-02,2,5,May,2,2018,18,Wednesday
2018-05-03,3,5,May,2,2018,18,Thursday
2018-05-04,4,5,May,2,2018,18,Friday
2018-05-05,5,5,May,2,2018,18,Saturday
2018-05-06,6,5,May,2,2018,18,Sunday
2018-05-07,7,5,May,2,2018,19,Monday
2018-05-08,8,5,May,2,2018,19,Tuesday
2018-05-09,9,5,May,2,2018,19,Wednesday
2018-05-10,10,5,May,2,2018,19,Thursday
2018-05-11,11,5,May,2,2018,19,Friday
2018-05-12,12,5,May,2,2018,19,Saturday
2018-05-13,13,5,May,2,2018,19,Sunday
2018-05-14,14,5,May,2,2018,20,Monday
2018-05-15,15,5,May,2,2018,20,Tuesday
2018-05-16,16,5,May,2,2018,20,Wednesday
2018-05-17,17,5,May,2,2018,20,Thursday
2018-05-18,18,5,May,2,2018,20,Friday
2018-05-19,19,5,May,2,2018,20,Saturday
2018-05-20,20,5,May,2,2018,20,Sunday
2018-05-21,21,5,May,2,2018,21,Monday
2018-05-22,22,5,May,2,2018,21,Tuesday
2018-05-23,23,5,May,2,2018,21,Wednesday
2018-05-24,24,5,May,2,2018,21,Thursday
2018-05-25,25,5,May,2,2018,21,Friday
2018-05-26,26,5,May,2,2018,21,Saturday
2018-05-27,27,5,May,2,2018,21,Sunday
2018-05-28,28,5,May,2,2018,22,Monday
2018-05-29,29,5,May,2,2018,22,Tuesday
2018-05-30,30,5,May,2,2018,22,Wednesday
2018-05-31,31,5,May,2,2018,22,Thursday
2018-06-01,1,6,June,2,2018,22,Friday
2018-06-02,2,6,June,2,2018,22,Saturday
2018-06-03,3,6,June,2,2018,22,Sunday
2018-06-04,4,6,June,2,2018,23,Monday
2018-06-05,5,6,June,2,2018,23,Tuesday
2018-06-06,6,6,June,2,2018,23,Wednesday
2018-06-07,7,6,June,2,2018,23,Thursday
2018-06-08,8,6,June,2,2018,23,Friday
2018-06-09,9,6,June,2,2018,23,Saturday
2018-06-10,10,6,June,2,2018,23,Sunday
2018-06-11,11,6,June,2,2018,24,Monday
2018-06-12,12,6,June,2,2018,24,Tuesday
2018-06-13,13,6,June,2,2018,24,Wednesday
2018-06-14,14,6,June,2,2018,24,Thursday
2018-06-15,15,6,June,2,2018,24,Friday
2018-06-16,16,6,June,2,2018,24,Saturday
2018-06-17,17,6,June,2,2018,24,Sunday
2018-06-18,18,6,June,2,2018,25,Monday
2018-06-19,19,6,June,2,2018,25,Tuesday
2018-06-20,20,6,June,2,2018,25,Wednesday
2018-06-21,21,6,June,2,2018,25,Thursday
2018-06-22,22,6,June,2,2018,25,Friday
2018-06-23,23,6,June,2,2018,25,Saturday
2018-06-24,24,6,June,2,2018,25,Sunday
2018-06-25,25,6,June,2,2018,26,Monday
2018-06-26,26,6,June,2,2018,26,Tuesday
2018-06-27,27,6,June,2,2018,26,Wednesday
2018-06-28,28,6,June,2,2018,26,Thursday
2018-06-29,29,6,June,2,2018,26,Friday
2018-06-30,30,6,June,2,2018,26,Saturday
2018-07-01,1,7,July,3,2018,26,Sunday
2018-07-02,2,7,July,3,2018,27,Monday
2018-07-03,3,7,July,3,2018,27,Tuesday
2018-07-04,4,7,July,3,2018,27,Wednesday
2018-07-05,5,7,July,3,2018,27,Thursday
2018-07-06,6,7,July,3,2018,27,Friday
2018-07-07,7,7,July,3,2018,27,Saturday
2018-07-08,8,7,July,3,2018,27,Sunday
2018-07-09,9,7,July,3,2018,28,Monday
2018-07-10,10,7,July,3,2018,28,Tuesday
2018-07-11,11,7,July,3,2018,28,Wednesday
2018-07-12,12,7,July,3,2018,28,Thursday
2018-07-13,13,7,July,3,2018,28,Friday
2018-07-14,14,7,July,3,2018,28,Saturday
2018-07-15,15,7,July,3,2018,28,Sunday
2018-07-16,16,7,July,3,2018,29,Monday
2018-07-17,17,7,July,3,2018,29,Tuesday
2018-07-18,18,7,July,3,2018,29,Wednesday
2018-07-19,19,7,July,3,2018,29,Thursday
2018-07-20,20,7,July,3,2018,29,Friday
2018-07-21,21,7,July,3,2018,29,Saturday
2018-07-22,22,7,July,3,2018,29,Sunday
2018-07-23,23,7,July,3,2018,30,Monday
2018-07-24,24,7,July,3,2018,30,Tuesday
2018-07-25,25,7,July,3,2018,30,Wednesday
2018-07-26,26,7,July,3,2018,30,Thursday
2018-07-27,27,7,July,3,2018,30,Friday
2018-07-28,28,7,July,3,2018,30,Saturday
2018-07-29,29,7,July,3,2018,30,Sunday
2018-07-30,30,7,July,3,2018,31,Monday
2018-07-31,31,7,July,3,2018,31,Tuesday
2018-08-01,1,8,August,3,2018,31,Wednesday
2018-08-02,2,8,August,3,2018,31,Thursday
2018-08-03,3,8,August,3,2018,31,Friday
2018-08-04,4,8,August,3,2018,31,Saturday
2018-08-05,5,8,August,3,2018,31,Sunday
2018-08-06,6,8,August,3,2018,32,Monday
2018-08-07,7,8,August,3,2018,32,Tuesday
2018-08-08,8,8,August,3,2018,32,Wednesday
2018-08-09,9,8,August,3,2018,32,Thursday
2018-08-10,10,8,August,3,2018,32,Friday
2018-08-11,11,8,August,3,2018,32,Saturday
2018-08-12,12,8,August,3,2018,32,Sunday
2018-08-13,13,8,August,3,2018,33,Monday
2018-08-14,14,8,August,3,2018,33,Tuesday
2018-08-15,15,8,August,3,2018,33,Wednesday
2018-08-16,16,8,August,3,2018,33,Thursday
2018-08-17,17,8,August,3,2018,33,Friday
2018-08-18,18,8,August,3,2018,33,Saturday
2018-08-19,19,8,August,3,2018,33,Sunday
2018-08-20,20,8,August,3,2018,34,Monday
2018-08-21,21,8,August,3,2018,34,Tuesday
2018-08-22,22,8,August,3,2018,34,Wednesday
2018-08-23,23,8,August,3,2018,34,Thursday
2018-08-24,24,8,August,3,2018,34,Friday
2018-08-25,25,8,August,3,2018,34,Saturday
2018-08-26,26,8,August,3,2018,34,Sunday
2018-08-27,27,8,August,3,2018,35,Monday
2018-08-28,28,8,August,3,2018,35,Tuesday
2018-08-29,29,8,August,3,2018,35,Wednesday
2018-08-30,30,8,August,3,2018,35,Thursday
2018-08-31,31,8,August,3,2018,35,Friday
2018-09-01,1,9,September,3,2018,35,Saturday
2018-09-02,2,9,September,3,2018,35,Sunday
2018-09-03,3,9,September,3,2018,36,Monday
